perfume,brand,url,img
Khamrah,Lattafa / لطافة,https://www.parfumo.com/Perfumes/Lattafa/khamrah,https://pimages.parfumo.de/240/170634_img-7789-lattafa-khamrah_240.jpg
Gentleman Givenchy Réserve Privée,Givenchy,https://www.parfumo.com/Perfumes/Givenchy/gentleman-givenchy-reserve-privee,https://pimages.parfumo.de/240/158077_img-4050-givenchy-gentleman-givenchy-eau-de-parfum-reserve-privee_240.jpg
Le Vestiaire - Babycat,Yves Saint Laurent,https://www.parfumo.com/Perfumes/Yves_Saint_Laurent/le-vestiaire-babycat,https://pimages.parfumo.de/240/165985_img-6354-yves-saint-laurent-le-vestiaire-babycat_240.jpg
Torino22,XerJoff,https://www.parfumo.com/Perfumes/Xerjoff/torino22,https://pimages.parfumo.de/240/187656_img-6167-xerjoff-join-the-club-torino22_240.jpg
Isola Blu  Parfum,Roja Parfums,https://www.parfumo.com/Perfumes/Roja_Parfums/isola-blu-parfum-oligarch-parfum,https://pimages.parfumo.de/240/160177_img-3837-roja-parfums-isola-blu-parfum-oligarch-parfum_240.jpg
Le Beau Le Parfum,Jean Paul Gaultier,https://www.parfumo.com/Perfumes/Jean_Paul_Gaultier/le-beau-le-parfum,https://pimages.parfumo.de/240/160888_img-7369-jean-paul-gaultier-le-beau-le-parfum_240.jpg
Paradoxe,Prada,https://www.parfumo.com/Perfumes/Prada/paradoxe,https://pimages.parfumo.de/240/180847_img-6981-prada-paradoxe_240.jpg
Terre d'Hermès Eau Givrée,Hermès,https://www.parfumo.com/Perfumes/Hermes/terre-d-hermes-eau-givree,https://pimages.parfumo.de/240/164275_img-5053-hermes-terre-d-hermes-eau-givree_240.jpg
XXI: Art Deco - Blonde Amber,Clive Christian,https://www.parfumo.com/Perfumes/Clive_Christian/xxi-art-deco-blonde-amber,https://pimages.parfumo.de/240/169035_img-6593-clive-christian-noble-xxi-art-deco-blonde-amber_240.jpg
Gris Charnel  Extrait,bdk Parfums,https://www.parfumo.com/Perfumes/bdk_Parfums/gris-charnel-extrait,https://pimages.parfumo.de/240/166507_img-7932-bdk-parfums-gris-charnel-extrait_240.jpg
Paragon,Initio,https://www.parfumo.com/Perfumes/Initio/paragon,https://pimages.parfumo.de/240/185021_img-3749-initio-paragon_240.jpg
For Her Musc Noir Rose,Narciso Rodriguez,https://www.parfumo.com/Perfumes/Narciso_Rodriguez/for-her-musc-noir-rose,https://pimages.parfumo.de/240/160288_img-4170-narciso-rodriguez-for-her-musc-noir-rose_240.jpg
Armani Code Parfum,Giorgio Armani,https://www.parfumo.com/Perfumes/Giorgio_Armani/armani-code-parfum,https://pimages.parfumo.de/240/175387_img-7215-giorgio-armani-armani-code-parfum_240.jpg
Sillage,Kinetic Perfumes,https://www.parfumo.com/Perfumes/kinetic-perfumes/sillage,https://pimages.parfumo.de/240/167850_img-1310-kinetic-perfumes-sillage_240.jpg
Tonka Cola,Mancera,https://www.parfumo.com/Perfumes/Mancera/tonka-cola,https://pimages.parfumo.de/240/186612_img-2747-mancera-tonka-cola_240.jpg
The Most Wanted Parfum,Azzaro,https://www.parfumo.com/Perfumes/Azzaro/the-most-wanted-parfum,https://pimages.parfumo.de/240/165475_img-9859-azzaro-the-most-wanted-parfum_240.jpg
724  Eau de Parfum,Maison Francis Kurkdjian,https://www.parfumo.com/Perfumes/Maison_Francis_Kurkdjian/724,https://pimages.parfumo.de/240/181996_img-1600-maison-francis-kurkdjian-724_240.jpg
Acqua di Giò pour Homme  Eau de Parfum,Giorgio Armani,https://www.parfumo.com/Perfumes/Giorgio_Armani/acqua-di-gio-pour-homme-eau-de-parfum,https://pimages.parfumo.de/240/160300_img-8398-giorgio-armani-acqua-di-gio-pour-homme-eau-de-parfum_240.jpg
Noir Extreme Parfum,Tom Ford,https://www.parfumo.com/Perfumes/Tom_Ford/noir-extreme-parfum,https://pimages.parfumo.de/240/179917_img-9924-tom-ford-noir-extreme-parfum_240.jpg
City of Stars,Louis Vuitton,https://www.parfumo.com/Perfumes/Louis_Vuitton/city-of-stars,https://pimages.parfumo.de/240/167670_img-2443-louis-vuitton-city-of-stars_240.jpg
Khamrah,Lattafa / لطافة,https://www.parfumo.com/Perfumes/Lattafa/khamrah,https://pimages.parfumo.de/240/170634_img-7789-lattafa-khamrah_240.jpg
Gentleman Givenchy Réserve Privée,Givenchy,https://www.parfumo.com/Perfumes/Givenchy/gentleman-givenchy-reserve-privee,https://pimages.parfumo.de/240/158077_img-4050-givenchy-gentleman-givenchy-eau-de-parfum-reserve-privee_240.jpg
Le Vestiaire - Babycat,Yves Saint Laurent,https://www.parfumo.com/Perfumes/Yves_Saint_Laurent/le-vestiaire-babycat,https://pimages.parfumo.de/240/165985_img-6354-yves-saint-laurent-le-vestiaire-babycat_240.jpg
Torino22,XerJoff,https://www.parfumo.com/Perfumes/Xerjoff/torino22,https://pimages.parfumo.de/240/187656_img-6167-xerjoff-join-the-club-torino22_240.jpg
Isola Blu  Parfum,Roja Parfums,https://www.parfumo.com/Perfumes/Roja_Parfums/isola-blu-parfum-oligarch-parfum,https://pimages.parfumo.de/240/160177_img-3837-roja-parfums-isola-blu-parfum-oligarch-parfum_240.jpg
Le Beau Le Parfum,Jean Paul Gaultier,https://www.parfumo.com/Perfumes/Jean_Paul_Gaultier/le-beau-le-parfum,https://pimages.parfumo.de/240/160888_img-7369-jean-paul-gaultier-le-beau-le-parfum_240.jpg
Paradoxe,Prada,https://www.parfumo.com/Perfumes/Prada/paradoxe,https://pimages.parfumo.de/240/180847_img-6981-prada-paradoxe_240.jpg
Terre d'Hermès Eau Givrée,Hermès,https://www.parfumo.com/Perfumes/Hermes/terre-d-hermes-eau-givree,https://pimages.parfumo.de/240/164275_img-5053-hermes-terre-d-hermes-eau-givree_240.jpg
XXI: Art Deco - Blonde Amber,Clive Christian,https://www.parfumo.com/Perfumes/Clive_Christian/xxi-art-deco-blonde-amber,https://pimages.parfumo.de/240/169035_img-6593-clive-christian-noble-xxi-art-deco-blonde-amber_240.jpg
Gris Charnel  Extrait,bdk Parfums,https://www.parfumo.com/Perfumes/bdk_Parfums/gris-charnel-extrait,https://pimages.parfumo.de/240/166507_img-7932-bdk-parfums-gris-charnel-extrait_240.jpg
Paragon,Initio,https://www.parfumo.com/Perfumes/Initio/paragon,https://pimages.parfumo.de/240/185021_img-3749-initio-paragon_240.jpg
For Her Musc Noir Rose,Narciso Rodriguez,https://www.parfumo.com/Perfumes/Narciso_Rodriguez/for-her-musc-noir-rose,https://pimages.parfumo.de/240/160288_img-4170-narciso-rodriguez-for-her-musc-noir-rose_240.jpg
Armani Code Parfum,Giorgio Armani,https://www.parfumo.com/Perfumes/Giorgio_Armani/armani-code-parfum,https://pimages.parfumo.de/240/175387_img-7215-giorgio-armani-armani-code-parfum_240.jpg
Sillage,Kinetic Perfumes,https://www.parfumo.com/Perfumes/kinetic-perfumes/sillage,https://pimages.parfumo.de/240/167850_img-1310-kinetic-perfumes-sillage_240.jpg
Tonka Cola,Mancera,https://www.parfumo.com/Perfumes/Mancera/tonka-cola,https://pimages.parfumo.de/240/186612_img-2747-mancera-tonka-cola_240.jpg
The Most Wanted Parfum,Azzaro,https://www.parfumo.com/Perfumes/Azzaro/the-most-wanted-parfum,https://pimages.parfumo.de/240/165475_img-9859-azzaro-the-most-wanted-parfum_240.jpg
724  Eau de Parfum,Maison Francis Kurkdjian,https://www.parfumo.com/Perfumes/Maison_Francis_Kurkdjian/724,https://pimages.parfumo.de/240/181996_img-1600-maison-francis-kurkdjian-724_240.jpg
Acqua di Giò pour Homme  Eau de Parfum,Giorgio Armani,https://www.parfumo.com/Perfumes/Giorgio_Armani/acqua-di-gio-pour-homme-eau-de-parfum,https://pimages.parfumo.de/240/160300_img-8398-giorgio-armani-acqua-di-gio-pour-homme-eau-de-parfum_240.jpg
Noir Extreme Parfum,Tom Ford,https://www.parfumo.com/Perfumes/Tom_Ford/noir-extreme-parfum,https://pimages.parfumo.de/240/179917_img-9924-tom-ford-noir-extreme-parfum_240.jpg
City of Stars,Louis Vuitton,https://www.parfumo.com/Perfumes/Louis_Vuitton/city-of-stars,https://pimages.parfumo.de/240/167670_img-2443-louis-vuitton-city-of-stars_240.jpg
